FW,Declines,Segment
22-W01,3065,Tech
22-W01,2044,Field
22-W02,5758,Tech
22-W02,3838,Field
22-W03,1856,Tech
22-W03,1238,Field
22-W04,16687,Tech
22-W04,11125,Field
22-W05,1519,Tech
22-W05,1013,Field
22-W06,2512,Tech
22-W06,1674,Field
22-W07,4546,Tech
22-W07,3030,Field
22-W08,1940,Tech
22-W08,1294,Field
22-W09,9464,Tech
22-W09,6310,Field
22-W10,1158,Tech
22-W10,772,Field
22-W11,16345,Tech
22-W11,10897,Field
22-W12,366,Tech
22-W12,244,Field
22-W13,6002,Tech
22-W13,4002,Field
22-W14,7534,Tech
22-W14,5023,Field
22-W15,6961,Tech
22-W15,4640,Field
22-W16,9049,Tech
22-W16,6033,Field
22-W17,1393,Tech
22-W17,929,Field
22-W18,4873,Tech
22-W18,3249,Field
22-W19,3067,Tech
22-W19,2044,Field
22-W20,14206,Tech
22-W20,9470,Field
22-W21,6259,Tech
22-W21,4173,Field
22-W22,16207,Tech
22-W22,10804,Field
22-W23,1343,Tech
22-W23,895,Field
22-W24,21332,Tech
22-W24,14221,Field
22-W25,3365,Tech
22-W25,2243,Field
22-W26,725,Tech
22-W26,484,Field
22-W27,13645,Tech
22-W27,9097,Field
22-W28,17874,Tech
22-W28,11916,Field
22-W29,5169,Tech
22-W29,3446,Field
22-W30,14194,Tech
22-W30,9462,Field
22-W31,5241,Tech
22-W31,3494,Field
22-W32,2648,Tech
22-W32,1766,Field
22-W33,13880,Tech
22-W33,9254,Field
22-W34,2623,Tech
22-W34,1749,Field
22-W35,1055,Tech
22-W35,703,Field
22-W36,6158,Tech
22-W36,4106,Field
22-W37,14169,Tech
22-W37,9446,Field
22-W38,6992,Tech
22-W38,4662,Field
22-W39,262,Tech
22-W39,174,Field
22-W40,25967,Tech
22-W40,17311,Field
22-W41,5857,Tech
22-W41,3904,Field
22-W42,993,Tech
22-W42,662,Field
22-W43,13925,Tech
22-W43,9283,Field
22-W44,4681,Tech
22-W44,3121,Field
22-W45,18348,Tech
22-W45,12232,Field
22-W46,6594,Tech
22-W46,4396,Field
22-W47,3757,Tech
22-W47,2505,Field
22-W48,5671,Tech
22-W48,3780,Field
22-W49,4599,Tech
22-W49,3066,Field
22-W50,7631,Tech
22-W50,5087,Field
22-W51,827,Tech
22-W51,551,Field
22-W52,1084,Tech
22-W52,723,Field
23-W01,14240,Tech
23-W01,9494,Field
23-W02,22388,Tech
23-W02,14925,Field
23-W03,6826,Tech
23-W03,4550,Field
23-W04,6118,Tech
23-W04,4078,Field
23-W05,7078,Tech
23-W05,4718,Field
23-W06,15487,Tech
23-W06,10325,Field
23-W07,4013,Tech
23-W07,2675,Field
23-W08,1990,Tech
23-W08,1326,Field
23-W09,19787,Tech
23-W09,13192,Field
23-W10,4546,Tech
23-W10,3030,Field
23-W11,2159,Tech
23-W11,1439,Field
23-W12,13886,Tech
23-W12,9258,Field
23-W13,4597,Tech
23-W13,3065,Field
23-W14,8600,Tech
23-W14,5734,Field
23-W15,9764,Tech
23-W15,6510,Field
23-W16,2815,Tech
23-W16,1877,Field
23-W17,23270,Tech
23-W17,15514,Field
23-W18,1293,Tech
23-W18,862,Field
23-W19,14375,Tech
23-W19,9584,Field
23-W20,1750,Tech
23-W20,1166,Field
23-W21,21894,Tech
23-W21,14596,Field
23-W22,16117,Tech
23-W22,10745,Field
23-W23,1250,Tech
23-W23,833,Field
23-W24,1938,Tech
23-W24,1292,Field
23-W25,14474,Tech
23-W25,9649,Field
23-W26,4336,Tech
23-W26,2890,Field
23-W27,6888,Tech
23-W27,4592,Field
23-W28,14507,Tech
23-W28,9671,Field
23-W29,2796,Tech
23-W29,1864,Field
23-W30,13930,Tech
23-W30,9286,Field
23-W31,1297,Tech
23-W31,864,Field
23-W32,20080,Tech
23-W32,13386,Field
23-W33,12476,Tech
23-W33,8318,Field
23-W34,13003,Tech
23-W34,8669,Field
23-W35,2790,Tech
23-W35,1860,Field
23-W36,7166,Tech
23-W36,4778,Field
23-W37,16008,Tech
23-W37,10672,Field
23-W38,5635,Tech
23-W38,3757,Field
23-W39,303,Tech
23-W39,202,Field
23-W40,23096,Tech
23-W40,15398,Field
23-W41,4180,Tech
23-W41,2786,Field
23-W42,18038,Tech
23-W42,12026,Field
23-W43,21244,Tech
23-W43,14162,Field
23-W44,335,Tech
23-W44,223,Field
23-W45,1265,Tech
23-W45,843,Field
23-W46,25944,Tech
23-W46,17296,Field
23-W47,10050,Tech
23-W47,6700,Field
23-W48,1530,Tech
23-W48,1020,Field
23-W49,16704,Tech
23-W49,11136,Field
23-W50,1643,Tech
23-W50,1095,Field
23-W51,20126,Tech
23-W51,13418,Field
23-W52,391,Tech
23-W52,261,Field
24-W01,25699,Tech
24-W01,17133,Field
24-W02,2836,Tech
24-W02,1890,Field
24-W03,2533,Tech
24-W03,1689,Field
24-W04,3568,Tech
24-W04,2378,Field
24-W05,0,Tech
24-W05,0,Field
24-W06,535,Tech
24-W06,357,Field
24-W07,296,Tech
24-W07,198,Field
24-W08,536,Tech
24-W08,357,Field
24-W09,1105,Tech
24-W09,737,Field
24-W10,0,Tech
24-W10,0,Field
24-W11,0,Tech
24-W11,0,Field
24-W12,0,Tech
24-W12,0,Field
24-W13,0,Tech
24-W13,0,Field
24-W14,15682,Tech
24-W14,10455,Field
24-W15,3473,Tech
24-W15,2316,Field
24-W16,3136,Tech
24-W16,2090,Field
24-W17,2912,Tech
24-W17,1941,Field
24-W18,0,Tech
24-W18,0,Field
24-W19,1016,Tech
24-W19,678,Field
24-W20,993,Tech
24-W20,662,Field
24-W21,535,Tech
24-W21,357,Field
24-W22,1122,Tech
24-W22,748,Field
24-W23,0,Tech
24-W23,0,Field
24-W24,0,Tech
24-W24,0,Field
24-W25,0,Tech
24-W25,0,Field
24-W26,0,Tech
24-W26,0,Field
24-W27,17095,Tech
24-W27,11397,Field
24-W28,3055,Tech
24-W28,2037,Field
24-W29,3411,Tech
24-W29,2274,Field
24-W30,4129,Tech
24-W30,2753,Field
24-W31,0,Tech
24-W31,0,Field
24-W32,742,Tech
24-W32,494,Field
24-W33,776,Tech
24-W33,518,Field
24-W34,1063,Tech
24-W34,709,Field
24-W35,376,Tech
24-W35,251,Field
24-W36,0,Tech
24-W36,0,Field
24-W37,0,Tech
24-W37,0,Field
24-W38,0,Tech
24-W38,0,Field
24-W39,0,Tech
24-W39,0,Field
24-W40,14699,Tech
24-W40,9799,Field
24-W41,4374,Tech
24-W41,2916,Field
24-W42,2827,Tech
24-W42,1885,Field
24-W43,3910,Tech
24-W43,2606,Field
24-W44,0,Tech
24-W44,0,Field
24-W45,427,Tech
24-W45,285,Field
24-W46,50,Tech
24-W46,34,Field
24-W47,617,Tech
24-W47,411,Field
24-W48,257,Tech
24-W48,171,Field
24-W49,0,Tech
24-W49,0,Field
24-W50,0,Tech
24-W50,0,Field
24-W51,0,Tech
24-W51,0,Field
24-W52,0,Tech
24-W52,0,Field
25-W01,19547,Tech
25-W01,13031,Field
25-W02,4461,Tech
25-W02,2974,Field
25-W03,4471,Tech
25-W03,2981,Field
25-W04,4253,Tech
25-W04,2835,Field
25-W05,90,Tech
25-W05,60,Field
25-W06,2187,Tech
25-W06,1458,Field
25-W07,1951,Tech
25-W07,1301,Field
25-W08,1750,Tech
25-W08,1166,Field
25-W09,1438,Tech
25-W09,958,Field
25-W10,0,Tech
25-W10,0,Field
25-W11,11,Tech
25-W11,7,Field
25-W12,8,Tech
25-W12,5,Field
25-W13,0,Tech
25-W13,0,Field
25-W14,17912,Tech
25-W14,11942,Field
25-W15,4553,Tech
25-W15,3036,Field
25-W16,5272,Tech
25-W16,3514,Field
25-W17,5447,Tech
25-W17,3631,Field
25-W18,248,Tech
25-W18,166,Field
25-W19,2214,Tech
25-W19,1476,Field
25-W20,1120,Tech
25-W20,746,Field
25-W21,2417,Tech
25-W21,1611,Field
25-W22,2316,Tech
25-W22,1544,Field
25-W23,0,Tech
25-W23,0,Field
25-W24,86,Tech
25-W24,57,Field
25-W25,356,Tech
25-W25,238,Field
25-W26,0,Tech
25-W26,0,Field
25-W27,19856,Tech
25-W27,13238,Field
25-W28,5495,Tech
25-W28,3663,Field
25-W29,4991,Tech
25-W29,3327,Field
25-W30,5315,Tech
25-W30,3544,Field
25-W31,111,Tech
25-W31,74,Field
25-W32,1958,Tech
25-W32,1306,Field
25-W33,2044,Tech
25-W33,1362,Field
25-W34,2907,Tech
25-W34,1938,Field
25-W35,2206,Tech
25-W35,1470,Field
25-W36,0,Tech
25-W36,0,Field
25-W37,143,Tech
25-W37,95,Field
25-W38,23,Tech
25-W38,16,Field
25-W39,0,Tech
25-W39,0,Field
25-W40,17016,Tech
25-W40,11344,Field
25-W41,4634,Tech
25-W41,3090,Field
25-W42,4850,Tech
25-W42,3234,Field
25-W43,5862,Tech
25-W43,3908,Field
25-W44,0,Tech
25-W44,0,Field
25-W45,1987,Tech
25-W45,1324,Field
25-W46,1740,Tech
25-W46,1160,Field
25-W47,1564,Tech
25-W47,1042,Field
25-W48,1382,Tech
25-W48,921,Field
25-W49,0,Tech
25-W49,0,Field
25-W50,0,Tech
25-W50,0,Field
25-W51,0,Tech
25-W51,0,Field
25-W52,0,Tech
25-W52,0,Field
26-W01,22965,Tech
26-W01,15310,Field
26-W02,7471,Tech
26-W02,4981,Field
26-W03,6229,Tech
26-W03,4153,Field
26-W04,7493,Tech
26-W04,4995,Field
26-W05,457,Tech
26-W05,305,Field
26-W06,4134,Tech
26-W06,2756,Field
26-W07,3536,Tech
26-W07,2358,Field
26-W08,3998,Tech
26-W08,2666,Field
26-W09,3195,Tech
26-W09,2130,Field
26-W10,0,Tech
26-W10,0,Field
26-W11,905,Tech
26-W11,603,Field
26-W12,794,Tech
26-W12,530,Field
26-W13,0,Tech
26-W13,0,Field
26-W14,21617,Tech
26-W14,14411,Field
26-W15,6931,Tech
26-W15,4621,Field
26-W16,6533,Tech
26-W16,4355,Field
26-W17,6696,Tech
26-W17,4464,Field
26-W18,186,Tech
26-W18,124,Field
26-W19,3262,Tech
26-W19,2174,Field
26-W20,3356,Tech
26-W20,2238,Field
26-W21,3542,Tech
26-W21,2361,Field
26-W22,3721,Tech
26-W22,2481,Field
26-W23,0,Tech
26-W23,0,Field
26-W24,1162,Tech
26-W24,774,Field
26-W25,238,Tech
26-W25,158,Field
26-W26,0,Tech
26-W26,0,Field
26-W27,22684,Tech
26-W27,15122,Field
26-W28,7142,Tech
26-W28,4762,Field
26-W29,6529,Tech
26-W29,4353,Field
26-W30,6331,Tech
26-W30,4221,Field
26-W31,2039,Tech
26-W31,1359,Field
26-W32,3801,Tech
26-W32,2534,Field
26-W33,2926,Tech
26-W33,1950,Field
26-W34,3631,Tech
26-W34,2421,Field
26-W35,4058,Tech
26-W35,2706,Field
26-W36,6,Tech
26-W36,4,Field
26-W37,1210,Tech
26-W37,806,Field
26-W38,295,Tech
26-W38,197,Field
26-W39,0,Tech
26-W39,0,Field
26-W40,19261,Tech
26-W40,12840,Field
26-W41,7386,Tech
26-W41,4924,Field
26-W42,5010,Tech
26-W42,3340,Field
26-W43,8579,Tech
26-W43,5719,Field
26-W44,400,Tech
26-W44,267,Field
26-W45,2429,Tech
26-W45,1619,Field
26-W46,3069,Tech
26-W46,2046,Field
26-W47,2472,Tech
26-W47,1648,Field
26-W48,3179,Tech
26-W48,2119,Field
26-W49,0,Tech
26-W49,0,Field
26-W50,288,Tech
26-W50,192,Field
26-W51,26,Tech
26-W51,18,Field
26-W52,0,Tech
26-W52,0,Field
27-W01,7901,Tech
27-W01,5267,Field
27-W02,13985,Tech
27-W02,9323,Field
27-W03,12161,Tech
27-W03,8107,Field
27-W04,29470,Tech
27-W04,19647,Field
27-W05,3305,Tech
27-W05,2203,Field
27-W06,4855,Tech
27-W06,3237,Field
27-W07,17606,Tech
27-W07,11738,Field
27-W08,23984,Tech
27-W08,15990,Field
27-W09,949,Tech
27-W09,633,Field
27-W10,13821,Tech
27-W10,9214,Field
27-W11,17790,Tech
27-W11,11860,Field
27-W12,14111,Tech
27-W12,9407,Field
27-W13,674,Tech
27-W13,450,Field
27-W14,16603,Tech
27-W14,11069,Field
27-W15,20423,Tech
27-W15,13615,Field
27-W16,12055,Tech
27-W16,8036,Field
27-W17,16787,Tech
27-W17,11192,Field
27-W18,1681,Tech
27-W18,1121,Field
27-W19,9720,Tech
27-W19,6480,Field
27-W20,10874,Tech
27-W20,7249,Field
27-W21,10118,Tech
27-W21,6746,Field
27-W22,8324,Tech
27-W22,5550,Field
27-W23,5686,Tech
27-W23,3791,Field
27-W24,25129,Tech
27-W24,16753,Field
27-W25,12632,Tech
27-W25,8421,Field
27-W26,397,Tech
27-W26,265,Field
27-W27,32793,Tech
27-W27,21862,Field
27-W28,20086,Tech
27-W28,13390,Field
27-W29,11470,Tech
27-W29,7647,Field
27-W30,15380,Tech
27-W30,10254,Field
27-W31,2304,Tech
27-W31,1536,Field
27-W32,22466,Tech
27-W32,14978,Field
27-W33,9103,Tech
27-W33,6069,Field
27-W34,1762,Tech
27-W34,1175,Field
27-W35,22920,Tech
27-W35,15280,Field
27-W36,2476,Tech
27-W36,1650,Field
27-W37,37908,Tech
27-W37,25272,Field
27-W38,13377,Tech
27-W38,8918,Field
27-W39,13376,Tech
27-W39,8918,Field
27-W40,19208,Tech
27-W40,12805,Field
27-W41,1679,Tech
27-W41,1119,Field
27-W42,17119,Tech
27-W42,11413,Field
27-W43,31250,Tech
27-W43,20834,Field
27-W44,2022,Tech
27-W44,1348,Field
27-W45,23955,Tech
27-W45,15970,Field
27-W46,8540,Tech
27-W46,5694,Field
27-W47,3901,Tech
27-W47,2601,Field
27-W48,20412,Tech
27-W48,13608,Field
27-W49,10567,Tech
27-W49,7044,Field
27-W50,14067,Tech
27-W50,9378,Field
27-W51,21550,Tech
27-W51,14366,Field
27-W52,1226,Tech
27-W52,818,Field
